Wall time,Step,Value
1586433253.4739776,9,480.82470703125
1586433555.380873,19,1530.4495849609375
1586433878.9977324,29,2469.56640625
1586434142.048514,39,2544.835693359375
1586434404.1696563,49,2542.30859375
1586434668.3582969,59,2531.28125
1586434934.51886,69,2362.41357421875
1586435200.4664433,79,2305.629150390625
1586435471.391368,89,2542.872802734375
1586435751.3838787,99,2443.4345703125
1586436094.9858809,109,2556.450439453125
1586436453.2582753,119,2529.2099609375
1586436845.2376914,129,2661.069580078125
1586437220.2427468,139,2584.41748046875
1586437610.3436737,149,2439.474365234375
1586437995.3044224,159,2530.440185546875
1586438435.8961697,169,2582.234375
1586438796.837707,179,2509.713134765625
1586439124.7756398,189,2530.515380859375
1586439524.5114806,199,2478.02783203125
1586440046.1580713,209,2578.025146484375
1586440557.7479358,219,2606.499267578125
1586440966.9426806,229,2611.732666015625
1586441408.7710888,239,2583.087646484375
1586441913.961069,249,2655.89404296875
1586442381.843443,259,2602.123779296875
1586442815.5467737,269,2637.083740234375
1586443263.886004,279,2543.621826171875
1586443699.5744178,289,2557.002197265625
1586444111.692599,299,2507.04541015625
1586444551.3934324,309,2609.750244140625
1586445107.731688,319,2566.973876953125
1586445586.9321043,329,2551.1943359375
1586446016.8799665,339,2516.743408203125
1586446398.5357502,349,2545.677001953125
1586446819.7114525,359,2630.04638671875
1586447429.3251176,369,2564.89892578125
1586448171.0982835,379,2565.40966796875
1586448765.8670318,389,2580.066162109375
1586449301.4876847,399,2581.033447265625
1586449798.2560968,409,2538.26025390625
1586450316.9343069,419,2583.78662109375
1586450957.2562273,429,2521.518798828125
1586451623.8064716,439,2617.147216796875
1586452084.649371,449,2548.45361328125
1586452622.5617492,459,2617.201904296875
1586452990.2768488,469,2600.08154296875
1586453266.7932026,479,2599.49853515625
1586453544.59432,489,2707.44921875
1586453827.094492,499,2662.19970703125
