Wall time,Step,Value
1586433181.0238645,9,84.99222564697266
1586433371.254894,19,37.97771072387695
1586433624.8446574,29,1256.56640625
1586433863.431925,39,1506.3994140625
1586434058.626841,49,1991.610595703125
1586434251.652675,59,2170.7939453125
1586434445.540561,69,2356.337158203125
1586434643.0563421,79,2283.24658203125
1586434841.3349988,89,2317.025634765625
1586435041.7233732,99,2320.453125
1586435240.7211099,109,2235.08251953125
1586435444.6620069,119,2308.08740234375
1586435656.3806393,129,2287.232666015625
1586435886.3510706,139,2281.37890625
1586436164.0618567,149,2241.38134765625
1586436446.8993425,159,2327.391845703125
1586436754.4270263,169,2383.600341796875
1586437055.1691415,179,2348.346923828125
1586437356.9244788,189,2334.8974609375
1586437667.2171922,199,2410.147705078125
1586437978.3686569,209,2444.304443359375
1586438313.9390705,219,2515.804443359375
1586438639.824114,229,2456.6357421875
1586438932.0868363,239,2565.572265625
1586439215.0321805,249,2513.19482421875
1586439572.818608,259,2500.624755859375
1586439970.9462342,269,2594.28955078125
1586440442.0892415,279,2527.75390625
1586440798.1970074,289,2518.40625
1586441168.1108625,299,2486.506591796875
1586441522.1347692,309,2518.9541015625
1586441977.8920205,319,2503.974853515625
1586442359.2808979,329,2621.49365234375
1586442728.8964975,339,2566.205078125
1586443107.9435225,349,2524.81201171875
1586443489.8668904,359,2473.38037109375
1586443849.2540255,369,2571.795654296875
1586444216.6542554,379,2616.2666015625
1586444606.372335,389,2592.143310546875
1586445077.9139144,399,2594.775390625
1586445508.170535,409,2494.73681640625
1586445882.0933034,419,2543.4755859375
1586446245.7108347,429,2582.246337890625
1586446564.559142,439,2572.80615234375
1586446960.6199646,449,2573.713134765625
1586447543.0709343,459,2611.90185546875
1586448195.1623847,469,2571.296875
1586448715.410025,479,2621.49560546875
1586449194.050923,489,2633.349853515625
1586449626.196284,499,2595.22998046875
